function_name,start_address,end_address,size_bytes
FUN_80022938,0x80022938,0x80022960,40
LAB_80012578,0x80012578,0x800125A4,44
FUN_80027738,0x80027738,0x8002774C,20
FUN_80022298,0x80022298,0x800222D0,56
FUN_80027900,0x80027900,0x80027948,72
FUN_80012704,0x80012704,0x80012848,324
FUN_80087690,0x80087690,0x800876A8,24
LAB_80012848,0x80012848,0x800128A8,96
LAB_80022284,0x80022284,0x80022298,20
FUN_80022350,0x80022350,0x80022384,52
FUN_80030988,0x80030988,0x8003099C,20
LAB_80013018,0x80013018,0x80013028,16
LAB_80013028,0x80013028,0x800130E0,184
FUN_80022988,0x80022988,0x800229E0,88
FUN_80013138,0x80013138,0x80013188,80
FUN_80013188,0x80013188,0x800131AC,36
LAB_80013224,0x80013224,0x8001324C,40
LAB_80013250,0x80013250,0x8001325C,12
LAB_80013340,0x80013340,0x80013438,248
LAB_80013438,0x80013438,0x80013444,12
LAB_80013444,0x80013444,0x8001344C,8
FUN_80018100,0x80018100,0x80018158,88
LAB_80013470,0x80013470,0x80013474,4
LAB_80013474,0x80013474,0x80013478,4
LAB_80013478,0x80013478,0x80013480,8
FUN_80013480,0x80013480,0x800134AC,44
LAB_80013518,0x80013518,0x80013538,32
LAB_80013538,0x80013538,0x80013588,80
LAB_80013588,0x80013588,0x800135E0,88
FUN_80013610,0x80013610,0x80013698,136
FUN_80013698,0x80013698,0x800136CC,52
FUN_80013724,0x80013724,0x80013778,84
FUN_80013778,0x80013778,0x800137EC,116
LAB_80013870,0x80013870,0x800138D0,96
LAB_80013940,0x80013940,0x800139AC,108
LAB_80023220,0x80023220,0x80023448,552
FUN_80076530,0x80076530,0x80076534,4
LAB_80023448,0x80023448,0x800234B4,108
LAB_80023548,0x80023548,0x8002354C,4
FUN_80063978,0x80063978,0x800639BC,68
LAB_80023668,0x80023668,0x8002367C,20
FUN_80027600,0x80027600,0x8002763C,60
LAB_80014330,0x80014330,0x80014348,24
FUN_80024414,0x80024414,0x80024438,36
LAB_80023940,0x80023940,0x8002394C,12
LAB_80014270,0x80014270,0x80014280,16
LAB_80014208,0x80014208,0x80014210,8
LAB_80014210,0x80014210,0x80014244,52
LAB_80014244,0x80014244,0x80014270,44
LAB_80014280,0x80014280,0x80014294,20
LAB_80014294,0x80014294,0x800142AC,24
FUN_80014348,0x80014348,0x800143B4,108
LAB_80014498,0x80014498,0x800144B4,28
FUN_80076544,0x80076544,0x80076560,28
LAB_80014548,0x80014548,0x8001457C,52
LAB_80014500,0x80014500,0x80014530,48
LAB_80014530,0x80014530,0x80014548,24
FUN_80063774,0x80063774,0x80063784,16
FUN_80014660,0x80014660,0x80014A3C,988
LAB_80015094,0x80015094,0x800150E8,84
LAB_80024708,0x80024708,0x8002484C,324
LAB_80024880,0x80024880,0x800248FC,124
LAB_80015024,0x80015024,0x80015094,112
LAB_80024870,0x80024870,0x8002487C,12
FUN_80015168,0x80015168,0x80015268,256
FUN_80027998,0x80027998,0x800279A4,12
LAB_80015268,0x80015268,0x80015290,40
LAB_80015290,0x80015290,0x800152C4,52
LAB_80015378,0x80015378,0x80015440,200
LAB_80025094,0x80025094,0x800250DC,72
LAB_80015500,0x80015500,0x80015508,8
LAB_80015508,0x80015508,0x80015520,24
LAB_80015520,0x80015520,0x80015530,16
LAB_80015530,0x80015530,0x80015538,8
LAB_80015538,0x80015538,0x8001553C,4
LAB_80015548,0x80015548,0x80015588,64
LAB_80015588,0x80015588,0x800155A8,32
LAB_80015600,0x80015600,0x8001569C,156
LAB_80015800,0x80015800,0x80015820,32
LAB_80015874,0x80015874,0x800158E4,112
LAB_80015994,0x80015994,0x80015A34,160
LAB_80025248,0x80025248,0x80025290,72
LAB_80025374,0x80025374,0x8002537C,8
FUN_80041360,0x80041360,0x80041388,40
LAB_80025530,0x80025530,0x80025548,24
FUN_80076404,0x80076404,0x80076440,60
FUN_80074664,0x80074664,0x800746CC,104
LAB_80016008,0x80016008,0x80016044,60
FUN_80016044,0x80016044,0x8001607C,56
FUN_80048590,0x80048590,0x800485A4,20
LAB_80016400,0x80016400,0x8001640C,12
LAB_80016410,0x80016410,0x8001643C,44
LAB_80016448,0x80016448,0x8001659C,340
FUN_80077900,0x80077900,0x80077918,24
FUN_80027098,0x80027098,0x8002712C,148
FUN_80027214,0x80027214,0x80027218,4
FUN_80027158,0x80027158,0x8002716C,20
FUN_80044454,0x80044454,0x80044470,28
LAB_80016774,0x80016774,0x80016780,12
LAB_80016768,0x80016768,0x80016774,12
LAB_80016780,0x80016780,0x800167E4,100
LAB_80026148,0x80026148,0x8002614C,4
LAB_80016934,0x80016934,0x8001694C,24
FUN_80016964,0x80016964,0x800169EC,136
LAB_80026230,0x80026230,0x800262A8,120
LAB_80026420,0x80026420,0x80026438,24
FUN_80026438,0x80026438,0x8002643C,4
FUN_80026510,0x80026510,0x8002654C,60
LAB_80026628,0x80026628,0x8002662C,4
LAB_80026780,0x80026780,0x8002682C,172
FUN_80072524,0x80072524,0x8007254C,40
LAB_80017000,0x80017000,0x8001708C,140
LAB_80026968,0x80026968,0x80026974,12
LAB_80017108,0x80017108,0x8001713C,52
LAB_80017350,0x80017350,0x80017390,64
LAB_80017390,0x80017390,0x800173B0,32
LAB_80017500,0x80017500,0x8001757C,124
LAB_80017438,0x80017438,0x80017484,76
LAB_80017484,0x80017484,0x800174BC,56
FUN_80017694,0x80017694,0x800177D8,324
LAB_80017884,0x80017884,0x80017898,20
LAB_80017804,0x80017804,0x80017860,92
LAB_80017860,0x80017860,0x80017884,36
FUN_80017898,0x80017898,0x800178C4,44
LAB_80017944,0x80017944,0x80017958,20
LAB_80017920,0x80017920,0x80017944,36
FUN_80017958,0x80017958,0x80017990,56
LAB_80017990,0x80017990,0x800179D8,72
FUN_80018070,0x80018070,0x80018098,40
LAB_80018098,0x80018098,0x800180BC,36
LAB_80018158,0x80018158,0x8001817C,36
LAB_80018180,0x80018180,0x80018198,24
LAB_80027980,0x80027980,0x80027998,24
FUN_80018198,0x80018198,0x800185A4,1036
LAB_80051280,0x80051280,0x8005128C,12
LAB_80018618,0x80018618,0x8001867C,100
LAB_80028028,0x80028028,0x80028048,32
LAB_80018828,0x80018828,0x80018854,44
LAB_80028024,0x80028024,0x80028028,4
LAB_80018820,0x80018820,0x80018828,8
LAB_80018800,0x80018800,0x80018810,16
LAB_80018810,0x80018810,0x80018820,16
FUN_80018854,0x80018854,0x80018900,172
LAB_80028074,0x80028074,0x800281C8,340
LAB_80018900,0x80018900,0x800189AC,172
LAB_80028400,0x80028400,0x800284C0,192
LAB_80028528,0x80028528,0x8002857C,84
LAB_80028620,0x80028620,0x800286A4,132
LAB_80019390,0x80019390,0x800193BC,44
LAB_80019420,0x80019420,0x80019424,4
LAB_80019774,0x80019774,0x800197D8,100
LAB_80019424,0x80019424,0x8001947C,88
LAB_80019524,0x80019524,0x80019774,592
LAB_80029684,0x80029684,0x8002968C,8
LAB_80029738,0x80029738,0x800297BC,132
FUN_80080384,0x80080384,0x800803D0,76
FUN_80080084,0x80080084,0x80080088,4
FUN_80081168,0x80081168,0x800811D0,104
LAB_80028294,0x80028294,0x800282C8,52
FUN_80027688,0x80027688,0x800276A4,28
FUN_80087954,0x80087954,0x8008796C,24
FUN_80087808,0x80087808,0x80087860,88
FUN_80087914,0x80087914,0x80087934,32
FUN_80087984,0x80087984,0x80087ABC,312
FUN_80049828,0x80049828,0x80049840,24
FUN_80041460,0x80041460,0x80041490,48
FUN_80046908,0x80046908,0x80046948,64
FUN_80046964,0x80046964,0x80046974,16
FUN_80027948,0x80027948,0x8002794C,4
FUN_80072928,0x80072928,0x8007292C,4
LAB_80020000,0x80020000,0x80020058,88
FUN_80020058,0x80020058,0x80020088,48
LAB_80020088,0x80020088,0x80020094,12
FUN_80020094,0x80020094,0x800200A4,16
LAB_80020254,0x80020254,0x80020258,4
LAB_80020210,0x80020210,0x80020224,20
LAB_80020224,0x80020224,0x80020244,32
LAB_80020258,0x80020258,0x800202FC,164
LAB_80020244,0x80020244,0x80020254,16
LAB_80020300,0x80020300,0x8002030C,12
LAB_80020350,0x80020350,0x80020374,36
LAB_80020374,0x80020374,0x8002037C,8
FUN_80020400,0x80020400,0x80020420,32
LAB_80020420,0x80020420,0x800204F0,208
LAB_80020500,0x80020500,0x8002051C,28
LAB_80020520,0x80020520,0x80020934,1044
FUN_80030278,0x80030278,0x8003028C,20
FUN_80030740,0x80030740,0x800307A0,96
LAB_80030150,0x80030150,0x80030158,8
LAB_80020934,0x80020934,0x80020968,52
LAB_80020968,0x80020968,0x80020990,40
LAB_80020990,0x80020990,0x800209BC,44
LAB_80030268,0x80030268,0x80030278,16
LAB_80030398,0x80030398,0x800303A8,16
LAB_80030408,0x80030408,0x80030430,40
LAB_80030504,0x80030504,0x80030518,20
LAB_80030690,0x80030690,0x8003070C,124
LAB_80021148,0x80021148,0x80021150,8
LAB_80021028,0x80021028,0x80021054,44
LAB_80021004,0x80021004,0x80021028,36
LAB_80021178,0x80021178,0x8002117C,4
LAB_80021054,0x80021054,0x8002107C,40
LAB_80021110,0x80021110,0x8002111C,12
LAB_80030914,0x80030914,0x8003097C,104
LAB_80021150,0x80021150,0x80021178,40
FUN_80021194,0x80021194,0x8002121C,136
LAB_80021234,0x80021234,0x80021294,96
LAB_80021294,0x80021294,0x800212A4,16
FUN_80027830,0x80027830,0x8002788C,92
FUN_80032128,0x80032128,0x80032160,56
LAB_80021408,0x80021408,0x80021414,12
LAB_80021414,0x80021414,0x80021470,92
LAB_80021470,0x80021470,0x80021484,20
LAB_80021484,0x80021484,0x800214A0,28
LAB_80021520,0x80021520,0x8002153C,28
LAB_80021558,0x80021558,0x80021574,28
LAB_80021574,0x80021574,0x800215D0,92
LAB_80021610,0x80021610,0x80021644,52
LAB_80021644,0x80021644,0x80021678,52
LAB_80021678,0x80021678,0x80021698,32
LAB_80021698,0x80021698,0x800216CC,52
LAB_80021700,0x80021700,0x8002177C,124
LAB_80021794,0x80021794,0x800217B0,28
LAB_80031084,0x80031084,0x800310B0,44
LAB_80021810,0x80021810,0x80021828,24
LAB_80021828,0x80021828,0x80021844,28
LAB_80021844,0x80021844,0x8002185C,24
FUN_80031490,0x80031490,0x8003151C,140
LAB_80021958,0x80021958,0x800219A0,72
LAB_80021948,0x80021948,0x80021958,16
LAB_80021938,0x80021938,0x80021948,16
LAB_80031258,0x80031258,0x8003125C,4
LAB_80031318,0x80031318,0x8003134C,52
FUN_80031874,0x80031874,0x80031878,4
LAB_80031938,0x80031938,0x80031948,16
LAB_80022160,0x80022160,0x80022174,20
LAB_80022174,0x80022174,0x800221AC,56
LAB_80022384,0x80022384,0x800223F0,108
LAB_80022440,0x80022440,0x80022508,200
LAB_80022508,0x80022508,0x8002259C,148
FUN_80032000,0x80032000,0x80032068,104
LAB_80022730,0x80022730,0x8002276C,60
LAB_80022798,0x80022798,0x8002279C,4
FUN_80032068,0x80032068,0x800320C0,88
LAB_80022858,0x80022858,0x80022888,48
FUN_80032114,0x80032114,0x80032128,20
LAB_80022888,0x80022888,0x800228B8,48
FUN_80032160,0x80032160,0x800321A8,72
FUN_80022928,0x80022928,0x80022938,16
LAB_80022960,0x80022960,0x80022988,40
LAB_80032424,0x80032424,0x80032444,32
LAB_80032630,0x80032630,0x80032638,8
LAB_80032694,0x80032694,0x800326AC,24
LAB_80023190,0x80023190,0x8002319C,12
FUN_80032870,0x80032870,0x80032874,4
LAB_80032804,0x80032804,0x80032870,108
LAB_80023060,0x80023060,0x800230D8,120
FUN_80032978,0x80032978,0x800329AC,52
LAB_80023110,0x80023110,0x80023140,48
LAB_80023140,0x80023140,0x80023170,48
LAB_80023170,0x80023170,0x80023190,32
LAB_80033084,0x80033084,0x8003308C,8
LAB_80023774,0x80023774,0x80023870,252
LAB_80023870,0x80023870,0x8002388C,28
LAB_80023974,0x80023974,0x800239B4,64
LAB_80023964,0x80023964,0x80023974,16
LAB_80033330,0x80033330,0x80033380,80
LAB_80033380,0x80033380,0x800335B4,564
LAB_80033828,0x80033828,0x800338E8,192
LAB_80024338,0x80024338,0x80024350,24
LAB_80033984,0x80033984,0x80033B70,492
FUN_80024350,0x80024350,0x80024388,56
LAB_80024388,0x80024388,0x800243A0,24
FUN_80024438,0x80024438,0x800244D0,152
LAB_80024510,0x80024510,0x8002454C,60
FUN_80024564,0x80024564,0x800245BC,88
LAB_80024904,0x80024904,0x80024934,48
LAB_80024934,0x80024934,0x80024964,48
LAB_80024964,0x80024964,0x80024994,48
LAB_80024994,0x80024994,0x800249E0,76
LAB_80034308,0x80034308,0x80034330,40
LAB_80034330,0x80034330,0x800343B0,128
LAB_80034518,0x80034518,0x800345D8,192
LAB_80025190,0x80025190,0x8002519C,12
LAB_80025290,0x80025290,0x800252F4,100
LAB_80025364,0x80025364,0x80025374,16
LAB_80025450,0x80025450,0x80025494,68
LAB_80025434,0x80025434,0x80025450,28
LAB_80025410,0x80025410,0x8002542C,28
FUN_80025494,0x80025494,0x800254D0,60
LAB_80025558,0x80025558,0x80025588,48
LAB_80025548,0x80025548,0x80025558,16
LAB_80025588,0x80025588,0x8002558C,4
LAB_80025638,0x80025638,0x80025644,12
LAB_80025618,0x80025618,0x80025638,32
LAB_80025644,0x80025644,0x80025678,52
FUN_80025678,0x80025678,0x800256A4,44
LAB_80025778,0x80025778,0x800257CC,84
LAB_80025984,0x80025984,0x800259AC,40
LAB_80035244,0x80035244,0x8003526C,40
LAB_80035454,0x80035454,0x80035484,48
LAB_80035484,0x80035484,0x800354C4,64
LAB_80035708,0x80035708,0x80035760,88
FUN_80035848,0x80035848,0x80035914,204
LAB_80035774,0x80035774,0x8003582C,184
LAB_80026014,0x80026014,0x80026048,52
FUN_80026048,0x80026048,0x80026124,220
LAB_80026980,0x80026980,0x8002699C,28
LAB_80026124,0x80026124,0x80026140,28
LAB_80026140,0x80026140,0x80026148,8
LAB_80026974,0x80026974,0x80026980,12
LAB_80026964,0x80026964,0x80026968,4
LAB_80026360,0x80026360,0x80026390,48
LAB_80026484,0x80026484,0x800264A4,32
LAB_80026390,0x80026390,0x800263C0,48
LAB_80026554,0x80026554,0x8002659C,72
LAB_80026608,0x80026608,0x8002661C,20
LAB_80036158,0x80036158,0x800361D4,124
LAB_80026774,0x80026774,0x80026780,12
LAB_80026664,0x80026664,0x80026694,48
LAB_80026694,0x80026694,0x800266AC,24
LAB_80026724,0x80026724,0x8002673C,24
LAB_80026840,0x80026840,0x800268A0,96
FUN_80036114,0x80036114,0x80036158,68
LAB_80026944,0x80026944,0x80026964,32
LAB_80027050,0x80027050,0x80027094,68
LAB_80027034,0x80027034,0x80027050,28
LAB_80027010,0x80027010,0x80027034,36
FUN_80036910,0x80036910,0x80036914,4
FUN_80027094,0x80027094,0x80027098,4
LAB_80036978,0x80036978,0x800369A4,44
LAB_80027218,0x80027218,0x8002724C,52
LAB_80027328,0x80027328,0x80027344,28
LAB_80027344,0x80027344,0x800273B8,116
LAB_80027560,0x80027560,0x80027590,48
LAB_80027684,0x80027684,0x80027688,4
LAB_80027590,0x80027590,0x800275C0,48
LAB_80027754,0x80027754,0x8002779C,72
LAB_80037174,0x80037174,0x800371A8,52
FUN_80037288,0x80037288,0x800372D0,72
LAB_80037234,0x80037234,0x80037288,84
FUN_80037438,0x80037438,0x8003744C,20
FUN_80039980,0x80039980,0x80039984,4
LAB_80028000,0x80028000,0x80028014,20
LAB_80028014,0x80028014,0x80028024,16
LAB_80028048,0x80028048,0x80028070,40
LAB_80028070,0x80028070,0x80028074,4
FUN_80028328,0x80028328,0x800283CC,164
LAB_80028840,0x80028840,0x80028870,48
LAB_80028870,0x80028870,0x800288A4,52
FUN_80038304,0x80038304,0x80038344,64
LAB_80028968,0x80028968,0x800289C4,92
FUN_80038530,0x80038530,0x80038550,32
LAB_80029088,0x80029088,0x800290AC,36
LAB_80029144,0x80029144,0x800291B0,108
LAB_80029344,0x80029344,0x80029384,64
LAB_80029338,0x80029338,0x80029344,12
LAB_80029508,0x80029508,0x80029528,32
LAB_80029384,0x80029384,0x800294A0,284
FUN_80029528,0x80029528,0x80029564,60
LAB_80029564,0x80029564,0x800295B0,76
FUN_80038264,0x80038264,0x800382B4,80
LAB_80029668,0x80029668,0x80029684,28
LAB_80029850,0x80029850,0x80029890,64
LAB_80029890,0x80029890,0x800298C4,52
LAB_80029968,0x80029968,0x800299E4,124
FUN_80039460,0x80039460,0x8003949C,60
FUN_80039608,0x80039608,0x8003964C,68
FUN_80041560,0x80041560,0x8004157C,28
FUN_80041604,0x80041604,0x80041674,112
FUN_80062470,0x80062470,0x800624FC,140
FUN_80041878,0x80041878,0x80041894,28
FUN_80041820,0x80041820,0x80041860,64
FUN_80041994,0x80041994,0x800419E0,76
FUN_80030134,0x80030134,0x80030150,28
FUN_80030158,0x80030158,0x80030180,40
FUN_80030180,0x80030180,0x800301CC,76
LAB_80030310,0x80030310,0x8003033C,44
LAB_80030228,0x80030228,0x80030250,40
LAB_80030250,0x80030250,0x80030268,24
LAB_80030290,0x80030290,0x800302C4,52
LAB_80030378,0x80030378,0x80030398,32
LAB_80030404,0x80030404,0x80030408,4
LAB_80030430,0x80030430,0x80030460,48
LAB_80030460,0x80030460,0x8003048C,44
LAB_80030518,0x80030518,0x80030554,60
LAB_80030554,0x80030554,0x80030584,48
LAB_80030584,0x80030584,0x800305BC,56
FUN_80040098,0x80040098,0x800400A4,12
FUN_80040470,0x80040470,0x80040474,4
LAB_80040474,0x80040474,0x8004047C,8
FUN_80040498,0x80040498,0x800404C0,40
FUN_80040534,0x80040534,0x80040550,28
FUN_80040570,0x80040570,0x80040660,240
FUN_80040688,0x80040688,0x8004068C,4
LAB_80040710,0x80040710,0x8004074C,60
LAB_80040864,0x80040864,0x80040868,4
LAB_80031060,0x80031060,0x80031068,8
LAB_80040868,0x80040868,0x80040888,32
LAB_80031068,0x80031068,0x8003107C,20
FUN_80040928,0x80040928,0x80040954,44
FUN_80031128,0x80031128,0x800311A0,120
LAB_80031208,0x80031208,0x80031244,60
LAB_80031244,0x80031244,0x80031258,20
LAB_80031308,0x80031308,0x80031318,16
LAB_80031294,0x80031294,0x800312AC,24
LAB_80031364,0x80031364,0x80031380,28
LAB_80031380,0x80031380,0x80031398,24
LAB_80031398,0x80031398,0x800313C8,48
FUN_80031400,0x80031400,0x80031438,56
FUN_80031438,0x80031438,0x80031478,64
FUN_80031478,0x80031478,0x80031490,24
LAB_80031520,0x80031520,0x8003154C,44
LAB_80031600,0x80031600,0x80031604,4
LAB_80031560,0x80031560,0x80031578,24
LAB_80031578,0x80031578,0x800315A8,48
LAB_80031604,0x80031604,0x8003160C,8
FUN_80031630,0x80031630,0x800316DC,172
LAB_80031720,0x80031720,0x80031738,24
LAB_80031738,0x80031738,0x80031764,44
LAB_80031764,0x80031764,0x8003177C,24
LAB_80031798,0x80031798,0x800317B0,24
FUN_80031814,0x80031814,0x8003184C,56
LAB_80031878,0x80031878,0x80031890,24
LAB_80031864,0x80031864,0x80031874,16
LAB_80031890,0x80031890,0x800318A8,24
LAB_80031948,0x80031948,0x8003195C,20
LAB_80031934,0x80031934,0x80031938,4
LAB_80031994,0x80031994,0x800319A0,12
LAB_80031960,0x80031960,0x8003196C,12
LAB_80031978,0x80031978,0x80031994,28
FUN_80041458,0x80041458,0x80041460,8
LAB_80041558,0x80041558,0x80041560,8
FUN_80041674,0x80041674,0x8004167C,8
LAB_80041764,0x80041764,0x8004176C,8
FUN_80032334,0x80032334,0x8003235C,40
LAB_80032394,0x80032394,0x800323B8,36
LAB_80032444,0x80032444,0x8003244C,8
LAB_80032470,0x80032470,0x80032480,16
LAB_80032480,0x80032480,0x800324E8,104
LAB_80032508,0x80032508,0x80032514,12
FUN_80032514,0x80032514,0x80032588,116
FUN_80041014,0x80041014,0x8004108C,120
LAB_80032588,0x80032588,0x800325A0,24
LAB_80032618,0x80032618,0x80032630,24
FUN_80032638,0x80032638,0x80032694,92
LAB_80032708,0x80032708,0x8003274C,68
LAB_80032758,0x80032758,0x80032784,44
LAB_80032784,0x80032784,0x800327A4,32
FUN_80032800,0x80032800,0x80032804,4
LAB_80032874,0x80032874,0x800328AC,56
LAB_80032974,0x80032974,0x80032978,4
FUN_80043970,0x80043970,0x80043AD4,356
LAB_80042504,0x80042504,0x8004251C,24
FUN_80043354,0x80043354,0x800433A4,80
LAB_80042764,0x80042764,0x8004276C,8
LAB_80033264,0x80033264,0x80033330,204
LAB_80033238,0x80033238,0x8003325C,36
LAB_80043664,0x80043664,0x8004366C,8
LAB_80034004,0x80034004,0x80034008,4
FUN_80043808,0x80043808,0x80043854,76
LAB_80034008,0x80034008,0x80034090,136
LAB_80034090,0x80034090,0x80034104,116
LAB_80034128,0x80034128,0x8003413C,20
LAB_80034104,0x80034104,0x80034128,36
FUN_80043920,0x80043920,0x80043930,16
FUN_80034170,0x80034170,0x800341E4,116
LAB_80044440,0x80044440,0x80044454,20
FUN_80045838,0x80045838,0x80045858,32
LAB_80044588,0x80044588,0x800445A8,32
LAB_80035024,0x80035024,0x800350F4,208
LAB_80035108,0x80035108,0x80035110,8
LAB_80035110,0x80035110,0x80035168,88
LAB_80035168,0x80035168,0x800351C4,92
LAB_80035220,0x80035220,0x80035244,36
LAB_80035278,0x80035278,0x800352EC,116
LAB_80035348,0x80035348,0x800353A8,96
LAB_80035418,0x80035418,0x8003542C,20
LAB_80035524,0x80035524,0x8003555C,56
LAB_80035594,0x80035594,0x800355A8,20
FUN_80035600,0x80035600,0x80035650,80
FUN_80045508,0x80045508,0x8004551C,20
LAB_80035650,0x80035650,0x8003566C,28
LAB_80035700,0x80035700,0x80035708,8
LAB_80035760,0x80035760,0x80035774,20
LAB_80045108,0x80045108,0x80045148,64
LAB_80035970,0x80035970,0x80035A24,180
LAB_80035914,0x80035914,0x80035934,32
LAB_80035934,0x80035934,0x8003596C,56
LAB_80045200,0x80045200,0x80045234,52
LAB_80045330,0x80045330,0x80045340,16
FUN_80045724,0x80045724,0x80045778,84
FUN_80045410,0x80045410,0x80045420,16
LAB_80045420,0x80045420,0x80045428,8
LAB_80036010,0x80036010,0x80036038,40
FUN_80036038,0x80036038,0x80036070,56
LAB_80036070,0x80036070,0x800360B0,64
LAB_80036314,0x80036314,0x80036328,20
LAB_80036304,0x80036304,0x80036314,16
LAB_80036328,0x80036328,0x80036384,92
LAB_80036384,0x80036384,0x80036394,16
LAB_80036394,0x80036394,0x800363A4,16
LAB_80036618,0x80036618,0x800366F4,220
LAB_80036710,0x80036710,0x8003677C,108
LAB_80036820,0x80036820,0x80036884,100
LAB_80036890,0x80036890,0x800368B0,32
LAB_80036884,0x80036884,0x80036890,12
FUN_80046090,0x80046090,0x800460C0,48
LAB_80036920,0x80036920,0x80036940,32
LAB_80036914,0x80036914,0x80036920,12
LAB_80046120,0x80046120,0x800461B0,144
LAB_80036940,0x80036940,0x80036978,56
LAB_80037014,0x80037014,0x80037080,108
LAB_80037080,0x80037080,0x800370A4,36
FUN_80037108,0x80037108,0x8003714C,68
FUN_80037164,0x80037164,0x80037174,16
LAB_80037338,0x80037338,0x80037414,220
LAB_80037480,0x80037480,0x80037488,8
LAB_80037414,0x80037414,0x80037438,36
LAB_80037468,0x80037468,0x80037480,24
FUN_80037488,0x80037488,0x80037500,120
LAB_80037818,0x80037818,0x80037834,28
LAB_80037814,0x80037814,0x80037818,4
LAB_80037500,0x80037500,0x80037584,132
FUN_80040764,0x80040764,0x800407E0,124
LAB_80037584,0x80037584,0x800375C0,60
LAB_80037834,0x80037834,0x800378C8,148
LAB_80037978,0x80037978,0x8003797C,4
LAB_80037924,0x80037924,0x80037978,84
FUN_80047268,0x80047268,0x8004726C,4
FUN_80047348,0x80047348,0x80047388,64
FUN_80047444,0x80047444,0x80047494,80
LAB_80047664,0x80047664,0x800476C4,96
FUN_80047760,0x80047760,0x800477D8,120
LAB_80047750,0x80047750,0x80047760,16
FUN_80049840,0x80049840,0x80049880,64
LAB_80038164,0x80038164,0x80038188,36
LAB_80038188,0x80038188,0x800381D4,76
LAB_80038208,0x80038208,0x80038244,60
LAB_80038244,0x80038244,0x80038264,32
LAB_80038354,0x80038354,0x800384B4,352
LAB_80038344,0x80038344,0x80038354,16
LAB_80038570,0x80038570,0x80038594,36
LAB_80038550,0x80038550,0x80038570,32
LAB_80038594,0x80038594,0x80038688,244
LAB_80038688,0x80038688,0x800386C8,64
FUN_80049980,0x80049980,0x80049998,24
FUN_80049200,0x80049200,0x8004921C,28
LAB_80039058,0x80039058,0x800390E8,144
LAB_80039110,0x80039110,0x80039140,48
LAB_80039278,0x80039278,0x800392B4,60
LAB_80039140,0x80039140,0x800391A4,100
LAB_80039318,0x80039318,0x80039358,64
LAB_80039360,0x80039360,0x80039378,24
LAB_80039358,0x80039358,0x80039360,8
LAB_80039378,0x80039378,0x800393B0,56
LAB_80039400,0x80039400,0x80039418,24
LAB_80039418,0x80039418,0x8003941C,4
LAB_80039510,0x80039510,0x80039558,72
LAB_80039728,0x80039728,0x8003972C,4
LAB_80039558,0x80039558,0x800395C8,112
LAB_80039678,0x80039678,0x80039690,24
LAB_80039690,0x80039690,0x800396D0,64
LAB_80039774,0x80039774,0x80039790,28
LAB_80039790,0x80039790,0x800397C8,56
LAB_80039834,0x80039834,0x80039870,60
LAB_80039870,0x80039870,0x80039888,24
LAB_80039888,0x80039888,0x800398C4,60
LAB_80039918,0x80039918,0x80039930,24
LAB_80039930,0x80039930,0x8003996C,60
LAB_80039984,0x80039984,0x800399A4,32
FUN_80049378,0x80049378,0x80049398,32
LAB_80049528,0x80049528,0x80049530,8
FUN_80049728,0x80049728,0x80049738,16
LAB_80049978,0x80049978,0x80049980,8
FUN_80049934,0x80049934,0x80049954,32
FUN_80052544,0x80052544,0x800525B0,108
FUN_80044104,0x80044104,0x80044160,92
FUN_80053194,0x80053194,0x800531C4,48
FUN_80042110,0x80042110,0x80042130,32
FUN_80042344,0x80042344,0x80042394,80
FUN_80042000,0x80042000,0x80042014,20
FUN_80042294,0x80042294,0x800422C0,44
FUN_80063264,0x80063264,0x8006328C,40
FUN_80051694,0x80051694,0x800516E8,84
FUN_80052640,0x80052640,0x80052650,16
FUN_80052310,0x80052310,0x80052324,20
FUN_80052470,0x80052470,0x8005253C,204
FUN_80049530,0x80049530,0x80049558,40
FUN_80049578,0x80049578,0x80049584,12
FUN_80051124,0x80051124,0x80051148,36
FUN_80050444,0x80050444,0x8005045C,24
FUN_80050254,0x80050254,0x80050284,48
LAB_80040108,0x80040108,0x80040124,28
LAB_80040124,0x80040124,0x800401D0,172
FUN_80050624,0x80050624,0x80050650,44
LAB_80040298,0x80040298,0x800402B8,32
LAB_80040310,0x80040310,0x8004031C,12
LAB_80040384,0x80040384,0x800403A4,32
LAB_80040550,0x80040550,0x80040564,20
FUN_80040564,0x80040564,0x80040570,12
LAB_80040660,0x80040660,0x80040688,40
FUN_80040800,0x80040800,0x8004084C,76
FUN_80050760,0x80050760,0x80050774,20
FUN_80050658,0x80050658,0x8005065C,4
FUN_80040888,0x80040888,0x800408A8,32
LAB_80040954,0x80040954,0x8004096C,24
LAB_80050348,0x80050348,0x80050360,24
LAB_80050470,0x80050470,0x8005048C,28
LAB_80050650,0x80050650,0x80050658,8
LAB_80050738,0x80050738,0x80050740,8
LAB_80050740,0x80050740,0x80050760,32
LAB_80041218,0x80041218,0x80041260,72
LAB_80041138,0x80041138,0x800411A0,104
LAB_80041214,0x80041214,0x80041218,4
LAB_80041260,0x80041260,0x80041270,16
LAB_80041270,0x80041270,0x8004129C,44
LAB_80041390,0x80041390,0x800413C0,48
LAB_80041358,0x80041358,0x80041360,8
LAB_80041388,0x80041388,0x80041390,8
LAB_80041400,0x80041400,0x80041414,20
LAB_80041414,0x80041414,0x8004143C,40
FUN_80047388,0x80047388,0x800473AC,36
LAB_80041490,0x80041490,0x800414B8,40
FUN_80041548,0x80041548,0x80041558,16
LAB_80041598,0x80041598,0x800415B4,28
LAB_80041590,0x80041590,0x80041598,8
LAB_80041780,0x80041780,0x80041784,4
LAB_80041744,0x80041744,0x80041764,32
LAB_80041784,0x80041784,0x800417C4,64
LAB_80041814,0x80041814,0x80041820,12
LAB_80041860,0x80041860,0x80041878,24
LAB_80041894,0x80041894,0x80041898,4
LAB_80041898,0x80041898,0x800418D0,56
LAB_80041918,0x80041918,0x8004191C,4
FUN_80041924,0x80041924,0x8004193C,24
FUN_80051438,0x80051438,0x80051464,44
FUN_80051410,0x80051410,0x80051434,36
LAB_80051668,0x80051668,0x80051694,44
LAB_80042170,0x80042170,0x800421C4,84
LAB_80042138,0x80042138,0x80042170,56
LAB_80051758,0x80051758,0x80051794,60
LAB_80042014,0x80042014,0x8004202C,24
LAB_80042080,0x80042080,0x80042088,8
LAB_80042088,0x80042088,0x800420C4,60
FUN_80051888,0x80051888,0x800518F0,104
LAB_80042130,0x80042130,0x80042138,8
FUN_80051970,0x80051970,0x8005197C,12
LAB_80042394,0x80042394,0x800423AC,24
LAB_80042310,0x80042310,0x8004232C,28
LAB_80042538,0x80042538,0x80042598,96
LAB_80042598,0x80042598,0x800425C0,40
LAB_80042688,0x80042688,0x800426C8,64
LAB_80042678,0x80042678,0x80042688,16
LAB_80042718,0x80042718,0x80042730,24
LAB_80042780,0x80042780,0x8004278C,12
LAB_80042730,0x80042730,0x8004273C,12
LAB_80042754,0x80042754,0x80042764,16
LAB_80042878,0x80042878,0x800428E0,104
LAB_80042874,0x80042874,0x80042878,4
LAB_80052128,0x80052128,0x8005212C,4
LAB_80042900,0x80042900,0x8004291C,28
LAB_80042924,0x80042924,0x8004296C,72
LAB_80052178,0x80052178,0x80052180,8
FUN_80042980,0x80042980,0x800429DC,92
LAB_80052398,0x80052398,0x800523A0,8
LAB_80052414,0x80052414,0x80052470,92
LAB_80052860,0x80052860,0x80052868,8
LAB_80043164,0x80043164,0x80043188,36
LAB_80043160,0x80043160,0x80043164,4
LAB_80043124,0x80043124,0x80043148,36
LAB_80052944,0x80052944,0x80052964,32
LAB_80043148,0x80043148,0x80043160,24
FUN_80052964,0x80052964,0x8005298C,40
FUN_80043188,0x80043188,0x800431BC,52
LAB_80043228,0x80043228,0x80043244,28
LAB_80043244,0x80043244,0x8004325C,24
LAB_80043218,0x80043218,0x80043220,8
LAB_80043220,0x80043220,0x80043228,8
LAB_80043448,0x80043448,0x8004344C,4
LAB_80043418,0x80043418,0x80043448,48
LAB_80043504,0x80043504,0x80043520,28
LAB_80043500,0x80043500,0x80043504,4
LAB_80043488,0x80043488,0x800434A0,24
LAB_80043520,0x80043520,0x80043540,32
FUN_80043540,0x80043540,0x80043578,56
LAB_80043578,0x80043578,0x80043594,28
LAB_80043594,0x80043594,0x800435C8,52
LAB_80043624,0x80043624,0x80043664,64
LAB_80043684,0x80043684,0x8004369C,24
FUN_80052324,0x80052324,0x8005232C,8
LAB_80043854,0x80043854,0x800438A4,80
LAB_80053068,0x80053068,0x80053088,32
LAB_80043930,0x80043930,0x80043954,36
LAB_80053150,0x80053150,0x80053170,32
LAB_80043954,0x80043954,0x8004396C,24
LAB_80053170,0x80053170,0x80053194,36
LAB_80053280,0x80053280,0x80053288,8
FUN_80045428,0x80045428,0x80045450,40
FUN_80053540,0x80053540,0x80053548,8
FUN_80053688,0x80053688,0x8005369C,20
LAB_80053628,0x80053628,0x80053658,48
FUN_80044254,0x80044254,0x80044324,208
LAB_80044160,0x80044160,0x800441A8,72
LAB_80053964,0x80053964,0x800539D4,112
LAB_80044230,0x80044230,0x8004424C,28
LAB_80044480,0x80044480,0x800444F0,112
LAB_80044470,0x80044470,0x80044480,16
LAB_80044324,0x80044324,0x8004434C,40
LAB_80044390,0x80044390,0x800443C0,48
LAB_80044528,0x80044528,0x80044548,32
FUN_80044548,0x80044548,0x80044588,64
LAB_80044618,0x80044618,0x8004467C,100
LAB_80044708,0x80044708,0x80044820,280
LAB_80044870,0x80044870,0x80044888,24
LAB_80044820,0x80044820,0x80044870,80
LAB_80044888,0x80044888,0x800448A8,32
FUN_80059154,0x80059154,0x80059174,32
LAB_80044900,0x80044900,0x80044914,20
FUN_80044914,0x80044914,0x80044998,132
LAB_80044998,0x80044998,0x80044A90,248
LAB_80054308,0x80054308,0x80054318,16
LAB_80054350,0x80054350,0x800543A4,84
FUN_80054324,0x80054324,0x80054350,44
LAB_80054774,0x80054774,0x800547C4,80
LAB_80054864,0x80054864,0x80054900,156
LAB_80045014,0x80045014,0x80045084,112
FUN_80045084,0x80045084,0x800450A4,32
FUN_80045148,0x80045148,0x80045188,64
LAB_80045188,0x80045188,0x800451C8,64
FUN_80045234,0x80045234,0x800452D4,160
LAB_80045390,0x80045390,0x8004539C,12
LAB_80045340,0x80045340,0x80045390,80
LAB_80045450,0x80045450,0x80045460,16
LAB_80045480,0x80045480,0x800454F8,120
LAB_80045460,0x80045460,0x8004547C,28
LAB_80045520,0x80045520,0x80045590,112
LAB_80045590,0x80045590,0x800455EC,92
LAB_80045610,0x80045610,0x80045614,4
LAB_80045614,0x80045614,0x80045684,112
LAB_80045684,0x80045684,0x800456E0,92
LAB_80045704,0x80045704,0x80045708,4
LAB_80045708,0x80045708,0x80045724,28
LAB_80045778,0x80045778,0x80045780,8
FUN_80045780,0x80045780,0x800457A0,32
LAB_80045858,0x80045858,0x800458B4,92
LAB_80045970,0x80045970,0x80045980,16
LAB_80045910,0x80045910,0x80045970,96
FUN_80055170,0x80055170,0x800551A4,52
FUN_80045980,0x80045980,0x80045A14,148
LAB_80055338,0x80055338,0x800553AC,116
LAB_80046040,0x80046040,0x80046090,80
LAB_80046038,0x80046038,0x80046040,8
LAB_80046020,0x80046020,0x80046038,24
FUN_80046108,0x80046108,0x80046120,24
LAB_80046428,0x80046428,0x80046430,8
FUN_80046430,0x80046430,0x80046478,72
LAB_80046478,0x80046478,0x80046488,16
LAB_80046488,0x80046488,0x800464C0,56
LAB_80046560,0x80046560,0x80046588,40
LAB_80046588,0x80046588,0x800466B0,296
FUN_80046750,0x80046750,0x800467AC,92
LAB_80046948,0x80046948,0x80046964,28
LAB_80056150,0x80056150,0x80056160,16
FUN_80056954,0x80056954,0x80056958,4
FUN_80046974,0x80046974,0x80046A3C,200
FUN_80056248,0x80056248,0x8005625C,20
FUN_80047154,0x80047154,0x800471A8,84
LAB_80047244,0x80047244,0x80047268,36
FUN_80053288,0x80053288,0x800532FC,116
LAB_80047310,0x80047310,0x80047348,56
LAB_80047494,0x80047494,0x800474C0,44
LAB_80047594,0x80047594,0x800475AC,24
LAB_80047848,0x80047848,0x80047890,72
FUN_80047890,0x80047890,0x800478D8,72
LAB_80047908,0x80047908,0x8004791C,20
LAB_80057158,0x80057158,0x80057190,56
LAB_80047930,0x80047930,0x80047970,64
LAB_80057140,0x80057140,0x80057158,24
FUN_80047970,0x80047970,0x800479C0,80
LAB_80057244,0x80057244,0x80057258,20
LAB_80057228,0x80057228,0x80057244,28
LAB_80057328,0x80057328,0x80057334,12
LAB_80057404,0x80057404,0x80057418,20
LAB_80057588,0x80057588,0x80057598,16
LAB_80057598,0x80057598,0x800575D4,60
FUN_80057694,0x80057694,0x80057698,4
FUN_80048320,0x80048320,0x80048340,32
FUN_80048340,0x80048340,0x800483AC,108
FUN_80048420,0x80048420,0x80048484,100
LAB_80048484,0x80048484,0x800484D4,80
FUN_80048520,0x80048520,0x80048568,72
LAB_80048568,0x80048568,0x80048590,40
FUN_80048610,0x80048610,0x80048694,132
LAB_80048694,0x80048694,0x800486C8,52
LAB_80048724,0x80048724,0x80048750,44
LAB_80048750,0x80048750,0x800487A0,80
LAB_80058100,0x80058100,0x80058130,48
FUN_80058130,0x80058130,0x8005816C,60
FUN_80058274,0x80058274,0x80058294,32
LAB_80058294,0x80058294,0x800582B8,36
LAB_80058634,0x80058634,0x80058678,68
FUN_80052180,0x80052180,0x800521AC,44
FUN_80058918,0x80058918,0x8005891C,4
LAB_80049118,0x80049118,0x8004915C,68
FUN_80049188,0x80049188,0x800491E4,92
FUN_80049768,0x80049768,0x80049774,12
LAB_80049238,0x80049238,0x8004927C,68
LAB_80049324,0x80049324,0x80049378,84
LAB_80049398,0x80049398,0x800493A0,8
LAB_80049558,0x80049558,0x80049560,8
FUN_80049560,0x80049560,0x80049578,24
LAB_80049584,0x80049584,0x800495B4,48
LAB_80049900,0x80049900,0x80049934,52
LAB_80049738,0x80049738,0x80049768,48
LAB_80049774,0x80049774,0x80049804,144
LAB_80049804,0x80049804,0x80049828,36
LAB_80049880,0x80049880,0x8004989C,28
FUN_80049954,0x80049954,0x80049978,36
LAB_80049998,0x80049998,0x800499A8,16
LAB_80059368,0x80059368,0x80059370,8
LAB_80059208,0x80059208,0x80059298,144
LAB_80059680,0x80059680,0x800596B4,52
FUN_80059518,0x80059518,0x8005951C,4
FUN_80059714,0x80059714,0x80059764,80
LAB_80059838,0x80059838,0x800598C4,140
LAB_80059984,0x80059984,0x80059A08,132
FUN_80060130,0x80060130,0x80060160,48
FUN_80060750,0x80060750,0x80060794,68
FUN_80060804,0x80060804,0x80060814,16
FUN_80060348,0x80060348,0x80060388,64
FUN_80050004,0x80050004,0x80050034,48
LAB_80050034,0x80050034,0x80050074,64
LAB_80050074,0x80050074,0x800500B4,64
LAB_80050160,0x80050160,0x80050184,36
LAB_80050130,0x80050130,0x80050160,48
LAB_80050184,0x80050184,0x800501B0,44
LAB_80050238,0x80050238,0x80050254,28
LAB_80050284,0x80050284,0x8005029C,24
FUN_80050330,0x80050330,0x80050348,24
LAB_80050360,0x80050360,0x800503A0,64
LAB_80050414,0x80050414,0x8005043C,40
LAB_80050538,0x80050538,0x8005053C,4
LAB_80050564,0x80050564,0x80050580,28
LAB_80050580,0x80050580,0x800505B0,48
LAB_80060120,0x80060120,0x80060130,16
LAB_80050774,0x80050774,0x8005078C,24
LAB_80060000,0x80060000,0x80060018,24
LAB_80050890,0x80050890,0x8005089C,12
LAB_80050868,0x80050868,0x80050880,24
LAB_80050880,0x80050880,0x80050890,16
LAB_80060090,0x80060090,0x800600A0,16
FUN_80050930,0x80050930,0x80050960,48
LAB_80050998,0x80050998,0x800509B4,28
LAB_80050960,0x80050960,0x8005097C,28
LAB_80060338,0x80060338,0x80060348,16
LAB_80060268,0x80060268,0x800602A4,60
LAB_80060440,0x80060440,0x800604C4,132
FUN_80060548,0x80060548,0x8006054C,4
FUN_80060570,0x80060570,0x80060594,36
FUN_80060594,0x80060594,0x800605C8,52
LAB_80060740,0x80060740,0x80060750,16
LAB_80051028,0x80051028,0x80051044,28
LAB_80051044,0x80051044,0x80051054,16
LAB_80051054,0x80051054,0x8005105C,8
LAB_80051094,0x80051094,0x800510A0,12
LAB_80051108,0x80051108,0x80051110,8
LAB_80060910,0x80060910,0x80060938,40
LAB_80051110,0x80051110,0x80051124,20
LAB_80051164,0x80051164,0x80051220,188
LAB_80051148,0x80051148,0x80051164,28
FUN_80060964,0x80060964,0x8006096C,8
LAB_80051220,0x80051220,0x8005123C,28
FUN_80051374,0x80051374,0x800513AC,56
FUN_80061444,0x80061444,0x8006145C,24
LAB_80051434,0x80051434,0x80051438,4
LAB_80051464,0x80051464,0x800514B8,84
LAB_80061420,0x80061420,0x80061444,36
LAB_80051538,0x80051538,0x80051580,72
LAB_80051580,0x80051580,0x800515EC,108
LAB_80051628,0x80051628,0x80051644,28
LAB_80051644,0x80051644,0x80051660,28
LAB_80051660,0x80051660,0x80051668,8
LAB_80051794,0x80051794,0x8005179C,8
LAB_80061414,0x80061414,0x80061418,4
LAB_80061410,0x80061410,0x80061414,4
LAB_80051948,0x80051948,0x80051970,40
LAB_80061874,0x80061874,0x80061888,20
FUN_80061888,0x80061888,0x8006188C,4
LAB_80052074,0x80052074,0x8005209C,40
LAB_80052118,0x80052118,0x8005211C,4
LAB_80052168,0x80052168,0x80052178,16
LAB_80052278,0x80052278,0x800522D4,92
LAB_80052228,0x80052228,0x80052248,32
LAB_80052248,0x80052248,0x8005225C,20
LAB_80052274,0x80052274,0x80052278,4
LAB_80052368,0x80052368,0x80052384,28
LAB_80052384,0x80052384,0x80052398,20
FUN_80052650,0x80052650,0x8005267C,44
LAB_80052868,0x80052868,0x80052944,220
LAB_80052808,0x80052808,0x80052844,60
LAB_80052844,0x80052844,0x80052860,28
LAB_80062054,0x80062054,0x800620D8,132
FUN_80063428,0x80063428,0x80063438,16
LAB_80062220,0x80062220,0x8006228C,108
LAB_80062384,0x80062384,0x80062398,20
LAB_80053000,0x80053000,0x80053020,32
LAB_80053020,0x80053020,0x80053028,8
LAB_80053028,0x80053028,0x80053068,64
LAB_80062888,0x80062888,0x800628B8,48
LAB_80053088,0x80053088,0x800530B8,48
LAB_80053200,0x80053200,0x80053214,20
LAB_80053214,0x80053214,0x8005321C,8
LAB_80053548,0x80053548,0x80053550,8
LAB_80053434,0x80053434,0x800534C8,148
LAB_80053524,0x80053524,0x80053540,28
LAB_80053550,0x80053550,0x80053628,216
LAB_80053658,0x80053658,0x80053688,48
LAB_80053818,0x80053818,0x8005386C,84
LAB_80053714,0x80053714,0x80053720,12
LAB_80053758,0x80053758,0x80053764,12
LAB_80053764,0x80053764,0x80053784,32
LAB_80053720,0x80053720,0x80053738,24
LAB_80053738,0x80053738,0x80053758,32
LAB_80053784,0x80053784,0x8005379C,24
LAB_80063000,0x80063000,0x80063018,24
LAB_80053814,0x80053814,0x80053818,4
FUN_80063018,0x80063018,0x80063044,44
LAB_80054004,0x80054004,0x80054034,48
LAB_80054034,0x80054034,0x8005404C,24
FUN_80054150,0x80054150,0x80054178,40
FUN_80054178,0x80054178,0x8005419C,36
LAB_80054240,0x80054240,0x80054288,72
FUN_80054288,0x80054288,0x8005429C,20
LAB_80054988,0x80054988,0x80054A14,140
LAB_80054318,0x80054318,0x80054324,12
LAB_80054900,0x80054900,0x8005491C,28
LAB_80054480,0x80054480,0x8005448C,12
LAB_80054518,0x80054518,0x8005453C,36
LAB_80054804,0x80054804,0x80054864,96
LAB_80054608,0x80054608,0x8005462C,36
FUN_80064358,0x80064358,0x8006436C,20
LAB_80055050,0x80055050,0x8005509C,76
FUN_80055224,0x80055224,0x80055254,48
LAB_80055254,0x80055254,0x80055294,64
FUN_80055294,0x80055294,0x800552FC,104
FUN_80055334,0x80055334,0x80055338,4
LAB_80055564,0x80055564,0x8005559C,56
LAB_80055510,0x80055510,0x80055564,84
LAB_80055408,0x80055408,0x80055444,60
LAB_80055444,0x80055444,0x80055460,28
LAB_80055460,0x80055460,0x800554A8,72
LAB_80055614,0x80055614,0x80055638,36
LAB_80055608,0x80055608,0x80055614,12
LAB_80055644,0x80055644,0x80055668,36
LAB_80055638,0x80055638,0x80055644,12
LAB_80055674,0x80055674,0x8005568C,24
LAB_80055668,0x80055668,0x80055674,12
LAB_80055718,0x80055718,0x8005574C,52
LAB_80055774,0x80055774,0x80055794,32
LAB_80055794,0x80055794,0x800557B4,32
LAB_80055898,0x80055898,0x800558DC,68
LAB_80055868,0x80055868,0x80055878,16
LAB_80055858,0x80055858,0x80055868,16
FUN_80065230,0x80065230,0x80065238,8
LAB_80055878,0x80055878,0x80055888,16
LAB_80055888,0x80055888,0x80055898,16
LAB_80055954,0x80055954,0x8005597C,40
LAB_80065214,0x80065214,0x8006521C,8
FUN_80065238,0x80065238,0x8006524C,20
FUN_80065414,0x80065414,0x80065428,20
LAB_80065524,0x80065524,0x80065574,80
LAB_80056160,0x80056160,0x800561A0,64
LAB_80065944,0x80065944,0x80065A14,208
LAB_80056200,0x80056200,0x80056234,52
LAB_80056234,0x80056234,0x80056248,20
LAB_80056328,0x80056328,0x80056364,60
FUN_80056364,0x80056364,0x800563A4,64
FUN_80056444,0x80056444,0x800564B8,116
LAB_80056508,0x80056508,0x80056524,28
LAB_80056524,0x80056524,0x8005656C,72
LAB_80056574,0x80056574,0x800565D4,96
LAB_80056680,0x80056680,0x800566EC,108
LAB_80056658,0x80056658,0x80056680,40
LAB_80056738,0x80056738,0x800567D8,160
FUN_80056930,0x80056930,0x80056954,36
LAB_80056958,0x80056958,0x8005697C,36
LAB_80066168,0x80066168,0x800661B4,76
FUN_80066260,0x80066260,0x800662BC,92
LAB_80066350,0x80066350,0x800663E4,148
LAB_80066474,0x80066474,0x8006652C,184
LAB_80066694,0x80066694,0x800666AC,24
LAB_80057360,0x80057360,0x80057394,52
LAB_80057334,0x80057334,0x80057360,44
LAB_80057024,0x80057024,0x800570C4,160
LAB_80066874,0x80066874,0x8006688C,24
LAB_80057258,0x80057258,0x8005725C,4
LAB_80057190,0x80057190,0x800571AC,28
LAB_80057210,0x80057210,0x80057228,24
LAB_80057310,0x80057310,0x80057328,24
LAB_80057300,0x80057300,0x80057310,16
LAB_80057394,0x80057394,0x800573E0,76
LAB_80057418,0x80057418,0x8005743C,36
LAB_80057580,0x80057580,0x80057588,8
LAB_80057698,0x80057698,0x800576A4,12
LAB_80057748,0x80057748,0x8005775C,20
LAB_80057724,0x80057724,0x80057748,36
LAB_80057780,0x80057780,0x800577A4,36
FUN_80067054,0x80067054,0x8006707C,40
LAB_80057954,0x80057954,0x800579E8,148
LAB_80057934,0x80057934,0x80057954,32
FUN_80071268,0x80071268,0x800712E4,124
LAB_80067320,0x80067320,0x8006732C,12
LAB_80067454,0x80067454,0x80067468,20
FUN_80067724,0x80067724,0x8006773C,24
LAB_80058008,0x80058008,0x8005802C,36
LAB_80067854,0x80067854,0x8006789C,72
FUN_80058344,0x80058344,0x80058390,76
LAB_80058390,0x80058390,0x800583B0,32
LAB_80058418,0x80058418,0x800584F0,216
FUN_80058598,0x80058598,0x800585CC,52
LAB_80058624,0x80058624,0x80058634,16
LAB_80058678,0x80058678,0x8005871C,164
FUN_80058740,0x80058740,0x800587B8,120
LAB_80058800,0x80058800,0x80058884,132
LAB_80058938,0x80058938,0x80058954,28
LAB_80058884,0x80058884,0x800588CC,72
FUN_80068120,0x80068120,0x80068294,372
LAB_80058954,0x80058954,0x8005895C,8
LAB_80068298,0x80068298,0x800682B0,24
LAB_80068294,0x80068294,0x80068298,4
FUN_80068438,0x80068438,0x800684BC,132
LAB_80068528,0x80068528,0x80068594,108
LAB_80068904,0x80068904,0x80068944,64
LAB_80059150,0x80059150,0x80059154,4
LAB_80068944,0x80068944,0x80068954,16
LAB_80059058,0x80059058,0x80059094,60
LAB_80059094,0x80059094,0x800590B0,28
LAB_80068954,0x80068954,0x80068978,36
LAB_80059174,0x80059174,0x800591FC,136
LAB_80068978,0x80068978,0x8006898C,20
LAB_80059298,0x80059298,0x800592F8,96
LAB_80059330,0x80059330,0x80059338,8
LAB_80059338,0x80059338,0x80059368,48
FUN_80059370,0x80059370,0x800593B8,72
FUN_80059410,0x80059410,0x80059488,120
LAB_80059488,0x80059488,0x800594AC,36
LAB_80059554,0x80059554,0x80059590,60
LAB_80059590,0x80059590,0x800595B8,40
FUN_80059660,0x80059660,0x80059680,32
LAB_80059764,0x80059764,0x80059800,156
LAB_80059800,0x80059800,0x80059824,36
LAB_80059980,0x80059980,0x80059984,4
LAB_80069184,0x80069184,0x800691E4,96
LAB_80059824,0x80059824,0x80059838,20
LAB_80069068,0x80069068,0x800690CC,100
LAB_80069134,0x80069134,0x80069158,36
LAB_80069174,0x80069174,0x80069184,16
LAB_80060110,0x80060110,0x80060120,16
LAB_80060018,0x80060018,0x80060040,40
LAB_80060070,0x80060070,0x80060090,32
LAB_80060040,0x80060040,0x80060070,48
LAB_80060160,0x80060160,0x800601A8,72
LAB_80060218,0x80060218,0x8006021C,4
LAB_80060514,0x80060514,0x8006052C,24
LAB_80060388,0x80060388,0x800603C0,56
LAB_80060554,0x80060554,0x80060570,28
LAB_80060600,0x80060600,0x80060618,24
LAB_80060618,0x80060618,0x80060644,44
LAB_80060644,0x80060644,0x8006064C,8
LAB_80060680,0x80060680,0x800606A0,32
FUN_80060704,0x80060704,0x80060734,48
LAB_80060734,0x80060734,0x80060740,12
LAB_80070000,0x80070000,0x80070034,52
LAB_80060794,0x80060794,0x800607C0,44
LAB_80060800,0x80060800,0x80060804,4
FUN_80060814,0x80060814,0x8006084C,56
LAB_80060880,0x80060880,0x800608B0,48
LAB_80060868,0x80060868,0x80060880,24
FUN_80070524,0x80070524,0x80070530,12
LAB_80070178,0x80070178,0x8007017C,4
LAB_80060938,0x80060938,0x8006094C,20
FUN_80070190,0x80070190,0x8007019C,12
FUN_80071974,0x80071974,0x8007198C,24
FUN_80070508,0x80070508,0x8007050C,4
FUN_80072060,0x80072060,0x80072064,4
LAB_80061224,0x80061224,0x80061228,4
LAB_80061228,0x80061228,0x80061248,32
FUN_80071788,0x80071788,0x80071824,156
LAB_80061040,0x80061040,0x80061098,88
LAB_80061098,0x80061098,0x800610A0,8
LAB_80061100,0x80061100,0x80061164,100
LAB_80061188,0x80061188,0x800611A8,32
LAB_80061164,0x80061164,0x8006117C,24
LAB_80070718,0x80070718,0x8007081C,260
LAB_80061200,0x80061200,0x80061224,36
FUN_80061248,0x80061248,0x80061280,56
LAB_80061280,0x80061280,0x8006129C,28
LAB_80061318,0x80061318,0x8006133C,36
LAB_80061418,0x80061418,0x8006141C,4
LAB_80061408,0x80061408,0x80061410,8
LAB_80061484,0x80061484,0x800614E8,100
FUN_80061500,0x80061500,0x80061560,96
LAB_80061560,0x80061560,0x8006158C,44
LAB_80061594,0x80061594,0x800615CC,56
FUN_80061608,0x80061608,0x8006169C,148
LAB_80061708,0x80061708,0x8006175C,84
LAB_80061994,0x80061994,0x800619A8,20
FUN_80071588,0x80071588,0x800715BC,52
FUN_80071688,0x80071688,0x800716C4,60
LAB_80071564,0x80071564,0x80071588,36
LAB_80071900,0x80071900,0x80071910,16
LAB_80062120,0x80062120,0x80062144,36
LAB_80071924,0x80071924,0x80071948,36
LAB_80062144,0x80062144,0x80062168,36
LAB_80071948,0x80071948,0x80071968,32
LAB_80062168,0x80062168,0x80062174,12
FUN_80062174,0x80062174,0x800621B4,64
LAB_80062338,0x80062338,0x8006233C,4
LAB_80062314,0x80062314,0x80062338,36
FUN_80062398,0x80062398,0x8006242C,148
LAB_80062500,0x80062500,0x80062554,84
FUN_80062554,0x80062554,0x8006258C,56
LAB_80062648,0x80062648,0x8006266C,36
LAB_80062630,0x80062630,0x8006263C,12
FUN_80062860,0x80062860,0x80062888,40
LAB_80072708,0x80072708,0x80072720,24
FUN_80072720,0x80072720,0x80072728,8
LAB_80072704,0x80072704,0x80072708,4
LAB_80063044,0x80063044,0x80063048,4
LAB_80063048,0x80063048,0x8006306C,36
LAB_80072848,0x80072848,0x80072870,40
FUN_80063198,0x80063198,0x800631E0,72
LAB_80063368,0x80063368,0x80063378,16
LAB_80063340,0x80063340,0x8006334C,12
LAB_80063324,0x80063324,0x80063340,28
LAB_80063354,0x80063354,0x80063360,12
LAB_80063360,0x80063360,0x80063368,8
LAB_80063378,0x80063378,0x800633B4,60
FUN_80063438,0x80063438,0x80063480,72
LAB_80063530,0x80063530,0x80063538,8
LAB_80063480,0x80063480,0x8006349C,28
LAB_80063504,0x80063504,0x80063524,32
LAB_80063734,0x80063734,0x80063774,64
LAB_80063524,0x80063524,0x80063530,12
LAB_80063538,0x80063538,0x800635E4,172
LAB_80063638,0x80063638,0x8006365C,36
LAB_80063698,0x80063698,0x8006369C,4
LAB_80063700,0x80063700,0x80063734,52
LAB_80063784,0x80063784,0x800637A0,28
LAB_80063894,0x80063894,0x8006389C,8
LAB_80063804,0x80063804,0x80063814,16
LAB_80073264,0x80073264,0x8007328C,40
LAB_80063814,0x80063814,0x8006386C,88
LAB_80073090,0x80073090,0x80073164,212
LAB_80063924,0x80063924,0x8006392C,8
LAB_80063900,0x80063900,0x80063924,36
FUN_80063950,0x80063950,0x80063978,40
LAB_80073534,0x80073534,0x8007356C,56
LAB_80073498,0x80073498,0x800734D4,60
FUN_80073808,0x80073808,0x80073820,24
LAB_80073638,0x80073638,0x80073728,240
LAB_80073764,0x80073764,0x80073808,164
LAB_80064008,0x80064008,0x80064020,24
FUN_80064020,0x80064020,0x80064068,72
LAB_80064114,0x80064114,0x8006411C,8
LAB_80064068,0x80064068,0x80064084,28
LAB_80064084,0x80064084,0x80064094,16
LAB_80064094,0x80064094,0x800640EC,88
FUN_80073910,0x80073910,0x80073924,20
LAB_80064260,0x80064260,0x80064270,16
LAB_80064180,0x80064180,0x800641A4,36
LAB_80064270,0x80064270,0x800642A4,52
LAB_80064370,0x80064370,0x800643D4,100
LAB_80064620,0x80064620,0x80064648,40
LAB_80064554,0x80064554,0x80064590,60
LAB_80064590,0x80064590,0x800645B4,36
LAB_80064480,0x80064480,0x800644AC,44
LAB_80064500,0x80064500,0x80064534,52
LAB_80064534,0x80064534,0x8006454C,24
LAB_80064648,0x80064648,0x80064670,40
FUN_80064670,0x80064670,0x80064688,24
LAB_80064688,0x80064688,0x800646B4,44
FUN_80064708,0x80064708,0x80064794,140
LAB_80064794,0x80064794,0x800647A8,20
LAB_80064894,0x80064894,0x800648A0,12
LAB_80064948,0x80064948,0x80064994,76
LAB_80064914,0x80064914,0x80064928,20
LAB_80064928,0x80064928,0x8006493C,20
LAB_80064994,0x80064994,0x800649C4,48
FUN_80065064,0x80065064,0x8006506C,8
FUN_00180190,0x00180190,0x0820A080,134782704
LAB_80065124,0x80065124,0x80065134,16
FUN_80065134,0x80065134,0x8006517C,72
FUN_80074934,0x80074934,0x8007497C,72
FUN_80074864,0x80074864,0x800748CC,104
LAB_80065284,0x80065284,0x8006528C,8
LAB_80065340,0x80065340,0x80065350,16
LAB_80065334,0x80065334,0x80065340,12
FUN_80065350,0x80065350,0x8006538C,60
LAB_80065428,0x80065428,0x8006544C,36
LAB_80065498,0x80065498,0x800654BC,36
LAB_80065598,0x80065598,0x800655C0,40
LAB_80065574,0x80065574,0x80065598,36
FUN_80065738,0x80065738,0x8006577C,68
LAB_80065810,0x80065810,0x80065944,308
LAB_80075420,0x80075420,0x8007542C,12
LAB_80075790,0x80075790,0x80075814,132
LAB_80066010,0x80066010,0x80066054,68
LAB_80066054,0x80066054,0x8006611C,200
LAB_80066454,0x80066454,0x80066474,32
FUN_80066550,0x80066550,0x80066564,20
LAB_80066564,0x80066564,0x80066580,28
LAB_80066580,0x80066580,0x800665C4,68
LAB_80066668,0x80066668,0x80066694,44
LAB_80066738,0x80066738,0x80066754,28
LAB_80066754,0x80066754,0x80066798,68
LAB_80066798,0x80066798,0x8006682C,148
LAB_80066848,0x80066848,0x80066874,44
LAB_80066914,0x80066914,0x80066930,28
LAB_80066930,0x80066930,0x8006693C,12
LAB_80066974,0x80066974,0x800669E8,116
LAB_80076278,0x80076278,0x800762B0,56
FUN_80076620,0x80076620,0x80076640,32
LAB_80067038,0x80067038,0x80067054,28
LAB_80067408,0x80067408,0x80067450,72
LAB_80067450,0x80067450,0x80067454,4
LAB_80076884,0x80076884,0x800768B4,48
LAB_80067474,0x80067474,0x80067478,4
LAB_80067204,0x80067204,0x80067274,112
LAB_80067274,0x80067274,0x800672BC,72
LAB_80067364,0x80067364,0x80067408,164
LAB_80067468,0x80067468,0x8006746C,4
LAB_80067478,0x80067478,0x800674A8,48
LAB_80067558,0x80067558,0x8006757C,36
LAB_80067500,0x80067500,0x80067558,88
FUN_80067590,0x80067590,0x800675C0,48
LAB_80067650,0x80067650,0x80067674,36
LAB_80067674,0x80067674,0x80067688,20
FUN_80067688,0x80067688,0x800676D0,72
LAB_80077570,0x80077570,0x800775C0,80
LAB_80077300,0x80077300,0x80077314,20
LAB_80077644,0x80077644,0x80077680,60
LAB_80077688,0x80077688,0x800776C4,60
LAB_80077744,0x80077744,0x80077750,12
LAB_80068008,0x80068008,0x80068030,40
LAB_80068030,0x80068030,0x8006807C,76
FUN_80068594,0x80068594,0x800685B4,32
LAB_80068718,0x80068718,0x80068868,336
LAB_80068678,0x80068678,0x80068718,160
FUN_80068868,0x80068868,0x80068904,156
FUN_80078004,0x80078004,0x80078008,4
FUN_80078450,0x80078450,0x80078474,36
FUN_80069054,0x80069054,0x80069068,20
LAB_80069158,0x80069158,0x8006916C,20
LAB_80069270,0x80069270,0x80069284,20
FUN_80069284,0x80069284,0x800692F4,112
FUN_80069428,0x80069428,0x800694AC,132
LAB_80069768,0x80069768,0x80069780,24
LAB_80069638,0x80069638,0x8006965C,36
LAB_80069620,0x80069620,0x80069638,24
LAB_80069668,0x80069668,0x80069690,40
FUN_80078068,0x80078068,0x80078074,12
LAB_80069690,0x80069690,0x80069768,216
FUN_80069780,0x80069780,0x800697E8,104
LAB_80069804,0x80069804,0x80069840,60
LAB_80069840,0x80069840,0x8006987C,60
FUN_80079744,0x80079744,0x80079750,12
LAB_80079110,0x80079110,0x80079140,48
FUN_80079300,0x80079300,0x8007930C,12
LAB_80069970,0x80069970,0x80069980,16
LAB_80069980,0x80069980,0x80069998,24
LAB_80069998,0x80069998,0x800699C4,44
FUN_80079874,0x80079874,0x800798A0,44
LAB_80079558,0x80079558,0x80079574,28
FUN_80079654,0x80079654,0x8007967C,40
LAB_80079938,0x80079938,0x80079940,8
LAB_80015820,0x80015820,0x80015874,84
FUN_80079940,0x80079940,0x8007999C,92
FUN_80010060,0x80010060,0x800100B0,80
FUN_80082504,0x80082504,0x80082514,16
FUN_80082514,0x80082514,0x80082528,20
FUN_80083048,0x80083048,0x8008316C,292
FUN_80082528,0x80082528,0x80082964,1084
FUN_80085168,0x80085168,0x8008525C,244
LAB_80070040,0x80070040,0x8007008C,76
LAB_80070034,0x80070034,0x80070040,12
LAB_80070294,0x80070294,0x80070298,4
LAB_80070298,0x80070298,0x800702D4,60
LAB_80070378,0x80070378,0x800703A8,48
LAB_80070424,0x80070424,0x80070440,28
LAB_80070440,0x80070440,0x8007049C,92
LAB_80070500,0x80070500,0x80070508,8
LAB_80070530,0x80070530,0x8007061C,236
FUN_80070884,0x80070884,0x800708AC,40
LAB_80070928,0x80070928,0x80070954,44
LAB_80070994,0x80070994,0x800709AC,24
LAB_80070954,0x80070954,0x80070968,20
LAB_80070968,0x80070968,0x80070994,44
FUN_80080658,0x80080658,0x8008069C,68
LAB_80071014,0x80071014,0x80071030,28
LAB_80071030,0x80071030,0x80071054,36
LAB_80071054,0x80071054,0x8007108C,56
LAB_80071118,0x80071118,0x8007116C,84
FUN_80084210,0x80084210,0x800842E0,208
LAB_80071214,0x80071214,0x8007124C,56
FUN_80085928,0x80085928,0x800859EC,196
LAB_80071320,0x80071320,0x800713C4,164
FUN_80071520,0x80071520,0x80071564,68
LAB_80071640,0x80071640,0x80071688,72
LAB_80081134,0x80081134,0x80081168,52
LAB_80071824,0x80071824,0x80071834,16
LAB_80071708,0x80071708,0x8007171C,20
LAB_80071734,0x80071734,0x80071788,84
LAB_80071834,0x80071834,0x800718DC,168
LAB_80071910,0x80071910,0x80071924,20
FUN_80081124,0x80081124,0x80081134,16
FUN_80071968,0x80071968,0x8007196C,4
FUN_80081220,0x80081220,0x80081390,368
FUN_80081798,0x80081798,0x80081824,140
LAB_80081390,0x80081390,0x800813A0,16
FUN_80081554,0x80081554,0x80081640,236
LAB_80081640,0x80081640,0x80081664,36
FUN_80081664,0x80081664,0x800816E4,128
FUN_80081824,0x80081824,0x80081CF4,1232
FUN_80081744,0x80081744,0x80081798,84
LAB_80072040,0x80072040,0x80072054,20
LAB_80072054,0x80072054,0x80072060,12
LAB_80072064,0x80072064,0x80072078,20
LAB_80072078,0x80072078,0x80072088,16
LAB_80072088,0x80072088,0x8007209C,20
LAB_80072108,0x80072108,0x80072118,16
LAB_80072118,0x80072118,0x8007212C,20
LAB_80072150,0x80072150,0x80072160,16
LAB_80072160,0x80072160,0x80072174,20
LAB_80072174,0x80072174,0x80072184,16
LAB_80072184,0x80072184,0x80072198,20
LAB_80072198,0x80072198,0x800721A8,16
LAB_80072204,0x80072204,0x80072214,16
LAB_80072214,0x80072214,0x80072228,20
LAB_80072228,0x80072228,0x80072238,16
LAB_80072238,0x80072238,0x8007224C,20
LAB_80072270,0x80072270,0x80072284,20
LAB_80072284,0x80072284,0x80072298,20
LAB_80072298,0x80072298,0x800722AC,20
LAB_80072310,0x80072310,0x80072324,20
LAB_80072324,0x80072324,0x80072338,20
LAB_80072338,0x80072338,0x8007234C,20
LAB_80072360,0x80072360,0x80072374,20
LAB_80072374,0x80072374,0x80072388,20
LAB_80072388,0x80072388,0x8007239C,20
LAB_80072400,0x80072400,0x80072414,20
LAB_80072414,0x80072414,0x80072428,20
LAB_80072428,0x80072428,0x8007243C,20
LAB_80072450,0x80072450,0x80072464,20
LAB_80072464,0x80072464,0x80072478,20
LAB_80072478,0x80072478,0x8007248C,20
LAB_80072554,0x80072554,0x80072578,36
LAB_80072578,0x80072578,0x800725B0,56
LAB_80072648,0x80072648,0x80072668,32
LAB_80072668,0x80072668,0x8007266C,4
FUN_80072728,0x80072728,0x8007274C,36
LAB_80072774,0x80072774,0x8007279C,40
LAB_80072804,0x80072804,0x80072824,32
LAB_80072824,0x80072824,0x80072848,36
LAB_80082090,0x80082090,0x800820AC,28
LAB_80072870,0x80072870,0x800728AC,60
LAB_80072968,0x80072968,0x80072AF4,396
FUN_80082410,0x80082410,0x80082504,244
FUN_80082964,0x80082964,0x80082988,36
LAB_80073000,0x80073000,0x8007303C,60
LAB_80073078,0x80073078,0x80073090,24
FUN_80073164,0x80073164,0x800731BC,88
FUN_80082988,0x80082988,0x80082AC4,316
LAB_80073218,0x80073218,0x80073264,76
LAB_80073204,0x80073204,0x80073218,20
LAB_80073350,0x80073350,0x8007336C,28
FUN_80073450,0x80073450,0x80073490,64
FUN_80073490,0x80073490,0x80073498,8
FUN_80083004,0x80083004,0x80083028,36
LAB_80073728,0x80073728,0x80073764,60
LAB_80073820,0x80073820,0x80073848,40
LAB_80083028,0x80083028,0x80083030,8
FUN_80073848,0x80073848,0x80073910,200
LAB_80073924,0x80073924,0x80073A0C,232
FUN_80083594,0x80083594,0x800835CC,56
FUN_80083840,0x80083840,0x8008398C,332
FUN_80083560,0x80083560,0x8008357C,28
FUN_80074004,0x80074004,0x80074040,60
FUN_80074040,0x80074040,0x80074080,64
LAB_80074080,0x80074080,0x800740CC,76
LAB_80074124,0x80074124,0x80074160,60
LAB_80083990,0x80083990,0x800839A4,20
LAB_80074190,0x80074190,0x800741A4,20
LAB_80074160,0x80074160,0x80074190,48
LAB_80074294,0x80074294,0x80074298,4
LAB_80074234,0x80074234,0x80074294,96
LAB_80074298,0x80074298,0x800745B0,792
LAB_80074724,0x80074724,0x80074798,116
LAB_80074720,0x80074720,0x80074724,4
FUN_80084168,0x80084168,0x800841B8,80
LAB_80074798,0x80074798,0x800747E0,72
LAB_80074838,0x80074838,0x80074864,44
FUN_80084130,0x80084130,0x80084168,56
LAB_80075198,0x80075198,0x800751AC,20
FUN_80084920,0x80084920,0x800849AC,140
LAB_80075270,0x80075270,0x8007529C,44
FUN_80075310,0x80075310,0x80075350,64
LAB_80075350,0x80075350,0x80075364,20
FUN_80075364,0x80075364,0x800753C0,92
LAB_80075418,0x80075418,0x80075420,8
LAB_80075938,0x80075938,0x800759F0,184
LAB_80075918,0x80075918,0x80075938,32
LAB_80075784,0x80075784,0x80075790,12
LAB_80075814,0x80075814,0x8007586C,88
LAB_80075878,0x80075878,0x80075918,160
LAB_80075874,0x80075874,0x80075878,4
FUN_80085818,0x80085818,0x800858FC,228
LAB_80076040,0x80076040,0x800760A4,100
FUN_80076240,0x80076240,0x80076278,56
LAB_80076328,0x80076328,0x80076374,76
LAB_80076374,0x80076374,0x800763A8,52
LAB_80076468,0x80076468,0x80076494,44
LAB_80076440,0x80076440,0x80076458,24
LAB_80076458,0x80076458,0x80076468,16
LAB_80076534,0x80076534,0x80076544,16
LAB_80076494,0x80076494,0x800764C8,52
LAB_80076560,0x80076560,0x800765A0,64
LAB_80076640,0x80076640,0x80076648,8
FUN_80076648,0x80076648,0x8007665C,20
FUN_80076678,0x80076678,0x800766A8,48
FUN_80083030,0x80083030,0x80083048,24
LAB_80076724,0x80076724,0x80076748,36
LAB_80076794,0x80076794,0x800767D0,60
LAB_80076748,0x80076748,0x80076778,48
LAB_80076778,0x80076778,0x80076794,28
LAB_80076838,0x80076838,0x80076860,40
LAB_80076860,0x80076860,0x80076884,36
LAB_80076994,0x80076994,0x800769D4,64
LAB_80076910,0x80076910,0x80076934,36
LAB_80076944,0x80076944,0x80076980,60
LAB_80076934,0x80076934,0x80076944,16
LAB_80076980,0x80076980,0x80076984,4
LAB_80076984,0x80076984,0x80076994,16
FUN_80086198,0x80086198,0x800861AC,20
FUN_80086734,0x80086734,0x80086768,52
FUN_80086768,0x80086768,0x800867F4,140
FUN_80086724,0x80086724,0x80086734,16
LAB_80077054,0x80077054,0x8007705C,8
LAB_80077184,0x80077184,0x8007725C,216
LAB_80077138,0x80077138,0x80077144,12
LAB_80077144,0x80077144,0x80077168,36
LAB_80077168,0x80077168,0x80077184,28
FUN_80077314,0x80077314,0x8007733C,40
LAB_80077388,0x80077388,0x800773A0,24
FUN_80077410,0x80077410,0x80077440,48
FUN_80077440,0x80077440,0x80077474,52
FUN_80077474,0x80077474,0x800774A4,48
FUN_80077548,0x80077548,0x80077570,40
LAB_80077610,0x80077610,0x80077624,20
FUN_80087294,0x80087294,0x800872C0,44
FUN_80077624,0x80077624,0x80077644,32
LAB_80077680,0x80077680,0x80077688,8
LAB_80077750,0x80077750,0x800777B8,104
LAB_80077720,0x80077720,0x80077744,36
LAB_80077918,0x80077918,0x80077928,16
LAB_80077928,0x80077928,0x8007793C,20
FUN_80077960,0x80077960,0x800779F8,152
FUN_80087664,0x80087664,0x80087690,44
FUN_80078008,0x80078008,0x80078030,40
LAB_80078030,0x80078030,0x80078060,48
FUN_80087860,0x80087860,0x80087874,20
LAB_80078060,0x80078060,0x80078068,8
FUN_80078074,0x80078074,0x80078114,160
FUN_80078114,0x80078114,0x80078134,32
FUN_80078134,0x80078134,0x80078184,80
FUN_80078184,0x80078184,0x800781DC,88
LAB_80078218,0x80078218,0x80078248,48
LAB_80078248,0x80078248,0x8007826C,36
LAB_80078348,0x80078348,0x80078378,48
LAB_80078378,0x80078378,0x8007839C,36
LAB_80078438,0x80078438,0x80078450,24
LAB_80078474,0x80078474,0x800784A4,48
FUN_80089448,0x80089448,0x80089548,256
FUN_80089548,0x80089548,0x8008967C,308
FUN_80078754,0x80078754,0x800787A8,84
LAB_80078818,0x80078818,0x80078828,16
LAB_80078828,0x80078828,0x8007883C,20
LAB_80078990,0x80078990,0x80078C28,664
LAB_80088608,0x80088608,0x80088638,48
FUN_80088638,0x80088638,0x80088730,248
FUN_80088730,0x80088730,0x80088734,4
LAB_80079018,0x80079018,0x8007908C,116
FUN_80088890,0x80088890,0x80088894,4
LAB_80079150,0x80079150,0x80079180,48
LAB_80079140,0x80079140,0x80079150,16
LAB_80079108,0x80079108,0x80079110,8
LAB_80079104,0x80079104,0x80079108,4
LAB_80079180,0x80079180,0x800791A0,32
FUN_80079228,0x80079228,0x8007928C,100
LAB_80079334,0x80079334,0x80079348,20
LAB_80079348,0x80079348,0x8007937C,52
LAB_80079440,0x80079440,0x80079488,72
LAB_80079488,0x80079488,0x800794FC,116
LAB_80079530,0x80079530,0x8007954C,28
LAB_80079578,0x80079578,0x800795B0,56
LAB_80079574,0x80079574,0x80079578,4
LAB_80079600,0x80079600,0x8007961C,28
LAB_80079750,0x80079750,0x800797E8,152
LAB_80079700,0x80079700,0x80079744,68
FUN_80087874,0x80087874,0x80087914,160
FUN_80087934,0x80087934,0x80087954,32
LAB_80080038,0x80080038,0x8008005C,36
LAB_80080078,0x80080078,0x80080084,12
LAB_80080088,0x80080088,0x8008008C,4
LAB_80080124,0x80080124,0x800801AC,136
LAB_80080404,0x80080404,0x80080428,36
FUN_80080428,0x80080428,0x80080460,56
FUN_80080460,0x80080460,0x800804C4,100
FUN_80080900,0x80080900,0x8008099C,156
FUN_80090488,0x80090488,0x80090518,144
FUN_80090430,0x80090430,0x80090440,16
FUN_80090518,0x80090518,0x800905B0,152
FUN_80090400,0x80090400,0x80090410,16
FUN_80090410,0x80090410,0x80090420,16
FUN_80090460,0x80090460,0x80090474,20
FUN_80090474,0x80090474,0x80090488,20
FUN_80090420,0x80090420,0x80090430,16
FUN_80090320,0x80090320,0x80090400,224
FUN_80090450,0x80090450,0x80090460,16
FUN_80090440,0x80090440,0x80090450,16
LAB_80015440,0x80015440,0x800154C0,128
LAB_80088734,0x80088734,0x8008875C,40
LAB_80088764,0x80088764,0x80088890,300
LAB_80088894,0x80088894,0x8008889C,8
LAB_80097328,0x80097328,0x800994B0,8584
LAB_80190190,0x80190190,0x8124F800,17561200
LAB_88010190,0x88010190,0x8821A080,2137840
LAB_80091348,0x80091348,0x800914B8,368
